<?xml version="1.0" encoding="utf-8" ?>
<dwsync>
<file name="db.php" server="in.genio.us/aimsys/" local="130359750086157856" remote="130371072600000000" />
<file name="db.php" server="aimsys.home//var/www/aimsys/" local="129985207900920000" remote="130103730970000000" />
<file name="db.php" server="10.0.100.250//var/www/" local="3468697859" remote="20648567043" />
<file name="db.php" server="10.0.100.250//var/www/aimsys/" local="3468697859" remote="20648567043" />
<file name="aimsysdb_model.mwb" server="aimsys//var/www/aimsys/" local="130429624677119321" remote="130516830700000000" />
<file name="aimsysdb_model.mwb.bak" server="aimsys//var/www/aimsys/" local="130429624585854101" remote="130516830700000000" />
<file name="db.php" server="aimsys//var/www/aimsys/" local="130516853037771175" remote="130516838340000000" />
<file name="sp_checkinall" server="aimsys//var/www/aimsys/" local="130429621185999640" remote="130516830710000000" />
</dwsync>