<?xml version="1.0" encoding="utf-8" ?>
<dwsync>
<file name="fb.php" server="in.genio.us/aimsys/" local="129326037440000000" remote="130285338000000000" />
<file name="fb.php4" server="in.genio.us/aimsys/" local="129326037440000000" remote="130285338000000000" />
<file name="FirePHP.class.php" server="in.genio.us/aimsys/" local="129326037440000000" remote="130285338000000000" />
<file name="FirePHP.class.php4" server="in.genio.us/aimsys/" local="129326037440000000" remote="130285338000000000" />
<file name="LICENSE" server="in.genio.us/aimsys/" local="129326037440000000" remote="130285338000000000" />
<file name="fb.php" server="aimsys.home//var/www/aimsys/" local="130103766970000000" remote="130103766970000000" />
<file name="fb.php4" server="aimsys.home//var/www/aimsys/" local="130103766970000000" remote="130103766970000000" />
<file name="FirePHP.class.php" server="aimsys.home//var/www/aimsys/" local="130103766970000000" remote="130103766970000000" />
<file name="FirePHP.class.php4" server="aimsys.home//var/www/aimsys/" local="130103766970000000" remote="130103766970000000" />
<file name="LICENSE" server="aimsys.home//var/www/aimsys/" local="130103766970000000" remote="130103766970000000" />
</dwsync>