<?xml version="1.0" encoding="utf-8" ?>
<dwsync>
<file name="accordion_collapse.png" server="in.genio.us" local="3369483986" remote="12003856172" />
<file name="accordion_expand.png" server="in.genio.us" local="3369483986" remote="12003856172" />
<file name="blank.gif" server="in.genio.us" local="3377627182" remote="12003856172" />
<file name="button_a_bg.gif" server="in.genio.us" local="3359214854" remote="12003856172" />
<file name="button_plain_hover.png" server="in.genio.us" local="3359214854" remote="12003856172" />
<file name="button_span_bg.gif" server="in.genio.us" local="3359214854" remote="12003856172" />
<file name="calendar_nextmonth.gif" server="in.genio.us" local="3359214854" remote="12003856172" />
<file name="calendar_nextyear.gif" server="in.genio.us" local="3359214854" remote="12003856172" />
<file name="calendar_prevmonth.gif" server="in.genio.us" local="3359214854" remote="12003856172" />
<file name="calendar_prevyear.gif" server="in.genio.us" local="3359214854" remote="12003856172" />
<file name="combo_arrow.gif" server="in.genio.us" local="3362680374" remote="12003856172" />
<file name="datagrid_header_bg.gif" server="in.genio.us" local="3359214854" remote="12003856172" />
<file name="datagrid_row_collapse.gif" server="in.genio.us" local="3368551384" remote="12003856172" />
<file name="datagrid_row_expand.gif" server="in.genio.us" local="3368551384" remote="12003856172" />
<file name="datagrid_sort_asc.gif" server="in.genio.us" local="3359214854" remote="12003856172" />
<file name="datagrid_sort_desc.gif" server="in.genio.us" local="3359214854" remote="12003856172" />
<file name="datagrid_title_bg.png" server="in.genio.us" local="3359214854" remote="12003856172" />
<file name="datebox_arrow.png" server="in.genio.us" local="3372958674" remote="12003856172" />
<file name="layout_button_down.gif" server="in.genio.us" local="3359214854" remote="12003856172" />
<file name="layout_button_left.gif" server="in.genio.us" local="3359214854" remote="12003856172" />
<file name="layout_button_right.gif" server="in.genio.us" local="3359214854" remote="12003856172" />
<file name="layout_button_up.gif" server="in.genio.us" local="3359214854" remote="12003856172" />
<file name="menu.gif" server="in.genio.us" local="3359214854" remote="12003856172" />
<file name="menu_downarrow.png" server="in.genio.us" local="3359214854" remote="12003856232" />
<file name="menu_rightarrow.png" server="in.genio.us" local="3359214854" remote="12003856232" />
<file name="menu_sep.png" server="in.genio.us" local="3359214854" remote="12003856232" />
<file name="menu_split_downarrow.png" server="in.genio.us" local="3359214854" remote="12003856232" />
<file name="messager_error.gif" server="in.genio.us" local="3359214854" remote="12003856232" />
<file name="messager_info.gif" server="in.genio.us" local="3359214854" remote="12003856232" />
<file name="messager_question.gif" server="in.genio.us" local="3359214854" remote="12003856232" />
<file name="messager_warning.gif" server="in.genio.us" local="3359214854" remote="12003856232" />
<file name="pagination_first.gif" server="in.genio.us" local="3359214854" remote="12003856232" />
<file name="pagination_last.gif" server="in.genio.us" local="3359214854" remote="12003856232" />
<file name="pagination_load.png" server="in.genio.us" local="3359214854" remote="12003856232" />
<file name="pagination_loading.gif" server="in.genio.us" local="3359214854" remote="12003856232" />
<file name="pagination_next.gif" server="in.genio.us" local="3359214854" remote="12003856232" />
<file name="pagination_prev.gif" server="in.genio.us" local="3359214854" remote="12003856232" />
<file name="panel_loading.gif" server="in.genio.us" local="3359214854" remote="12003856232" />
<file name="panel_title.png" server="in.genio.us" local="3359214854" remote="12003856232" />
<file name="panel_tool_collapse.gif" server="in.genio.us" local="3359214854" remote="12003856232" />
<file name="panel_tool_expand.gif" server="in.genio.us" local="3359214854" remote="12003856232" />
<file name="panel_tools.gif" server="in.genio.us" local="3359214854" remote="12003856232" />
<file name="searchbox_button.png" server="in.genio.us" local="3179003972" remote="12003856232" />
<file name="spinner_arrow_down.gif" server="in.genio.us" local="3363862054" remote="12003856232" />
<file name="spinner_arrow_up.gif" server="in.genio.us" local="3363862034" remote="12003856232" />
<file name="tabs_active.png" server="in.genio.us" local="3359214854" remote="12003856232" />
<file name="tabs_close.gif" server="in.genio.us" local="3362739754" remote="12003856232" />
<file name="tabs_enabled.png" server="in.genio.us" local="3359214854" remote="12003856232" />
<file name="tabs_leftarrow.png" server="in.genio.us" local="3359214854" remote="12003856232" />
<file name="tabs_rightarrow.png" server="in.genio.us" local="3359214854" remote="12003856232" />
<file name="tree_arrows.gif" server="in.genio.us" local="3366889904" remote="12003856232" />
<file name="tree_checkbox_0.gif" server="in.genio.us" local="3359214854" remote="12003856232" />
<file name="tree_checkbox_1.gif" server="in.genio.us" local="3359214854" remote="12003856232" />
<file name="tree_checkbox_2.gif" server="in.genio.us" local="3359214854" remote="12003856292" />
<file name="tree_dnd_no.png" server="in.genio.us" local="3367515556" remote="12003856292" />
<file name="tree_dnd_yes.png" server="in.genio.us" local="3367515490" remote="12003856292" />
<file name="tree_file.gif" server="in.genio.us" local="3359214854" remote="12003856292" />
<file name="tree_folder.gif" server="in.genio.us" local="3359214854" remote="12003856292" />
<file name="tree_folder_open.gif" server="in.genio.us" local="3359214854" remote="12003856292" />
<file name="tree_loading.gif" server="in.genio.us" local="3359214854" remote="12003856292" />
<file name="validatebox_pointer.gif" server="in.genio.us" local="3359214854" remote="12003856292" />
<file name="validatebox_warning.png" server="in.genio.us" local="3359214854" remote="12003856292" />
<file name="accordion_collapse.png" server="10.0.100.109//var/www/joomla/" local="129311127860000000" remote="129768274340000000" />
<file name="accordion_expand.png" server="10.0.100.109//var/www/joomla/" local="129311127860000000" remote="129768274340000000" />
<file name="blank.gif" server="10.0.100.109//var/www/joomla/" local="129392559820000000" remote="129768274340000000" />
<file name="button_a_bg.gif" server="10.0.100.109//var/www/joomla/" local="129208436540000000" remote="129768274340000000" />
<file name="button_plain_hover.png" server="10.0.100.109//var/www/joomla/" local="129208436540000000" remote="129768274340000000" />
<file name="button_span_bg.gif" server="10.0.100.109//var/www/joomla/" local="129208436540000000" remote="129768274350000000" />
<file name="calendar_nextmonth.gif" server="10.0.100.109//var/www/joomla/" local="129208436540000000" remote="129768274350000000" />
<file name="calendar_nextyear.gif" server="10.0.100.109//var/www/joomla/" local="129208436540000000" remote="129768274350000000" />
<file name="calendar_prevmonth.gif" server="10.0.100.109//var/www/joomla/" local="129208436540000000" remote="129768274350000000" />
<file name="calendar_prevyear.gif" server="10.0.100.109//var/www/joomla/" local="129208436540000000" remote="129768274350000000" />
<file name="combo_arrow.gif" server="10.0.100.109//var/www/joomla/" local="129243091740000000" remote="129768274350000000" />
<file name="datagrid_header_bg.gif" server="10.0.100.109//var/www/joomla/" local="129208436540000000" remote="129768274350000000" />
<file name="datagrid_row_collapse.gif" server="10.0.100.109//var/www/joomla/" local="129301801840000000" remote="129768274350000000" />
<file name="datagrid_row_expand.gif" server="10.0.100.109//var/www/joomla/" local="129301801840000000" remote="129768274350000000" />
<file name="datagrid_sort_asc.gif" server="10.0.100.109//var/www/joomla/" local="129208436540000000" remote="129768274350000000" />
<file name="datagrid_sort_desc.gif" server="10.0.100.109//var/www/joomla/" local="129208436540000000" remote="129768274350000000" />
<file name="datagrid_title_bg.png" server="10.0.100.109//var/www/joomla/" local="129208436540000000" remote="129768274350000000" />
<file name="datebox_arrow.png" server="10.0.100.109//var/www/joomla/" local="129345874740000000" remote="129768274360000000" />
<file name="layout_button_down.gif" server="10.0.100.109//var/www/joomla/" local="129208436540000000" remote="129768274360000000" />
<file name="layout_button_left.gif" server="10.0.100.109//var/www/joomla/" local="129208436540000000" remote="129768274360000000" />
<file name="layout_button_right.gif" server="10.0.100.109//var/www/joomla/" local="129208436540000000" remote="129768274360000000" />
<file name="layout_button_up.gif" server="10.0.100.109//var/www/joomla/" local="129208436540000000" remote="129768274360000000" />
<file name="menu.gif" server="10.0.100.109//var/www/joomla/" local="129208436540000000" remote="129768274360000000" />
<file name="menu_downarrow.png" server="10.0.100.109//var/www/joomla/" local="129208436540000000" remote="129768274360000000" />
<file name="menu_rightarrow.png" server="10.0.100.109//var/www/joomla/" local="129208436540000000" remote="129768274360000000" />
<file name="menu_sep.png" server="10.0.100.109//var/www/joomla/" local="129208436540000000" remote="129768274360000000" />
<file name="menu_split_downarrow.png" server="10.0.100.109//var/www/joomla/" local="129208436540000000" remote="129768274360000000" />
<file name="messager_error.gif" server="10.0.100.109//var/www/joomla/" local="129208436540000000" remote="129768274360000000" />
<file name="messager_info.gif" server="10.0.100.109//var/www/joomla/" local="129208436540000000" remote="129768274360000000" />
<file name="messager_question.gif" server="10.0.100.109//var/www/joomla/" local="129208436540000000" remote="129768274360000000" />
<file name="messager_warning.gif" server="10.0.100.109//var/www/joomla/" local="129208436540000000" remote="129768274360000000" />
<file name="pagination_first.gif" server="10.0.100.109//var/www/joomla/" local="129208436540000000" remote="129768274360000000" />
<file name="pagination_last.gif" server="10.0.100.109//var/www/joomla/" local="129208436540000000" remote="129768274370000000" />
<file name="pagination_load.png" server="10.0.100.109//var/www/joomla/" local="129208436540000000" remote="129768274370000000" />
<file name="pagination_loading.gif" server="10.0.100.109//var/www/joomla/" local="129208436540000000" remote="129768274370000000" />
<file name="pagination_next.gif" server="10.0.100.109//var/www/joomla/" local="129208436540000000" remote="129768274370000000" />
<file name="pagination_prev.gif" server="10.0.100.109//var/www/joomla/" local="129208436540000000" remote="129768274370000000" />
<file name="panel_loading.gif" server="10.0.100.109//var/www/joomla/" local="129208436540000000" remote="129768274370000000" />
<file name="panel_title.png" server="10.0.100.109//var/www/joomla/" local="129208436540000000" remote="129768274370000000" />
<file name="panel_tools.gif" server="10.0.100.109//var/www/joomla/" local="129208436540000000" remote="129768274370000000" />
<file name="panel_tool_collapse.gif" server="10.0.100.109//var/www/joomla/" local="129208436540000000" remote="129768274370000000" />
<file name="panel_tool_expand.gif" server="10.0.100.109//var/www/joomla/" local="129208436540000000" remote="129768274370000000" />
<file name="searchbox_button.png" server="10.0.100.109//var/www/joomla/" local="127406327720000000" remote="129768274370000000" />
<file name="spinner_arrow_down.gif" server="10.0.100.109//var/www/joomla/" local="129254908540000000" remote="129768274370000000" />
<file name="spinner_arrow_up.gif" server="10.0.100.109//var/www/joomla/" local="129254908340000000" remote="129768274370000000" />
<file name="tabs_active.png" server="10.0.100.109//var/www/joomla/" local="129208436540000000" remote="129768274370000000" />
<file name="tabs_close.gif" server="10.0.100.109//var/www/joomla/" local="129243685540000000" remote="129768274370000000" />
<file name="tabs_enabled.png" server="10.0.100.109//var/www/joomla/" local="129208436540000000" remote="129768274370000000" />
<file name="tabs_leftarrow.png" server="10.0.100.109//var/www/joomla/" local="129208436540000000" remote="129768274380000000" />
<file name="tabs_rightarrow.png" server="10.0.100.109//var/www/joomla/" local="129208436540000000" remote="129768274380000000" />
<file name="tree_arrows.gif" server="10.0.100.109//var/www/joomla/" local="129285187040000000" remote="129768274380000000" />
<file name="tree_checkbox_0.gif" server="10.0.100.109//var/www/joomla/" local="129208436540000000" remote="129768274380000000" />
<file name="tree_checkbox_1.gif" server="10.0.100.109//var/www/joomla/" local="129208436540000000" remote="129768274380000000" />
<file name="tree_checkbox_2.gif" server="10.0.100.109//var/www/joomla/" local="129208436540000000" remote="129768274380000000" />
<file name="tree_dnd_no.png" server="10.0.100.109//var/www/joomla/" local="129291443560000000" remote="129768274380000000" />
<file name="tree_dnd_yes.png" server="10.0.100.109//var/www/joomla/" local="129291442900000000" remote="129768274380000000" />
<file name="tree_file.gif" server="10.0.100.109//var/www/joomla/" local="129208436540000000" remote="129768274380000000" />
<file name="tree_folder.gif" server="10.0.100.109//var/www/joomla/" local="129208436540000000" remote="129768274380000000" />
<file name="tree_folder_open.gif" server="10.0.100.109//var/www/joomla/" local="129208436540000000" remote="129768274380000000" />
<file name="tree_loading.gif" server="10.0.100.109//var/www/joomla/" local="129208436540000000" remote="129768274380000000" />
<file name="validatebox_pointer.gif" server="10.0.100.109//var/www/joomla/" local="129208436540000000" remote="129768274380000000" />
<file name="validatebox_warning.png" server="10.0.100.109//var/www/joomla/" local="129208436540000000" remote="129768274380000000" />
<file name="accordion_collapse.png" server="in.genio.us/aimsys/" local="129311127860000000" remote="130285336200000000" />
<file name="accordion_expand.png" server="in.genio.us/aimsys/" local="129311127860000000" remote="130285336200000000" />
<file name="blank.gif" server="in.genio.us/aimsys/" local="129392559820000000" remote="130285336200000000" />
<file name="button_a_bg.gif" server="in.genio.us/aimsys/" local="129208436540000000" remote="130285336200000000" />
<file name="button_plain_hover.png" server="in.genio.us/aimsys/" local="129208436540000000" remote="130285336200000000" />
<file name="button_span_bg.gif" server="in.genio.us/aimsys/" local="129208436540000000" remote="130285336200000000" />
<file name="calendar_nextmonth.gif" server="in.genio.us/aimsys/" local="129208436540000000" remote="130285336200000000" />
<file name="calendar_nextyear.gif" server="in.genio.us/aimsys/" local="129208436540000000" remote="130285336200000000" />
<file name="calendar_prevmonth.gif" server="in.genio.us/aimsys/" local="129208436540000000" remote="130285336200000000" />
<file name="calendar_prevyear.gif" server="in.genio.us/aimsys/" local="129208436540000000" remote="130285336200000000" />
<file name="combo_arrow.gif" server="in.genio.us/aimsys/" local="129243091740000000" remote="130285336200000000" />
<file name="datagrid_header_bg.gif" server="in.genio.us/aimsys/" local="129208436540000000" remote="130285336200000000" />
<file name="datagrid_row_collapse.gif" server="in.genio.us/aimsys/" local="129301801840000000" remote="130285336200000000" />
<file name="datagrid_row_expand.gif" server="in.genio.us/aimsys/" local="129301801840000000" remote="130285336200000000" />
<file name="datagrid_sort_asc.gif" server="in.genio.us/aimsys/" local="129208436540000000" remote="130285336200000000" />
<file name="datagrid_sort_desc.gif" server="in.genio.us/aimsys/" local="129208436540000000" remote="130285336200000000" />
<file name="datagrid_title_bg.png" server="in.genio.us/aimsys/" local="129208436540000000" remote="130285336200000000" />
<file name="datebox_arrow.png" server="in.genio.us/aimsys/" local="129345874740000000" remote="130285336200000000" />
<file name="layout_button_down.gif" server="in.genio.us/aimsys/" local="129208436540000000" remote="130285336200000000" />
<file name="layout_button_left.gif" server="in.genio.us/aimsys/" local="129208436540000000" remote="130285336200000000" />
<file name="layout_button_right.gif" server="in.genio.us/aimsys/" local="129208436540000000" remote="130285336200000000" />
<file name="layout_button_up.gif" server="in.genio.us/aimsys/" local="129208436540000000" remote="130285336200000000" />
<file name="menu.gif" server="in.genio.us/aimsys/" local="129208436540000000" remote="130285336200000000" />
<file name="menu_downarrow.png" server="in.genio.us/aimsys/" local="129208436540000000" remote="130285336200000000" />
<file name="menu_rightarrow.png" server="in.genio.us/aimsys/" local="129208436540000000" remote="130285336200000000" />
<file name="menu_sep.png" server="in.genio.us/aimsys/" local="129208436540000000" remote="130285336200000000" />
<file name="menu_split_downarrow.png" server="in.genio.us/aimsys/" local="129208436540000000" remote="130285336200000000" />
<file name="messager_error.gif" server="in.genio.us/aimsys/" local="129208436540000000" remote="130285336200000000" />
<file name="messager_info.gif" server="in.genio.us/aimsys/" local="129208436540000000" remote="130285336200000000" />
<file name="messager_question.gif" server="in.genio.us/aimsys/" local="129208436540000000" remote="130285336200000000" />
<file name="messager_warning.gif" server="in.genio.us/aimsys/" local="129208436540000000" remote="130285336200000000" />
<file name="pagination_first.gif" server="in.genio.us/aimsys/" local="129208436540000000" remote="130285336200000000" />
<file name="pagination_last.gif" server="in.genio.us/aimsys/" local="129208436540000000" remote="130285336200000000" />
<file name="pagination_load.png" server="in.genio.us/aimsys/" local="129208436540000000" remote="130285336200000000" />
<file name="pagination_loading.gif" server="in.genio.us/aimsys/" local="129208436540000000" remote="130285336200000000" />
<file name="pagination_next.gif" server="in.genio.us/aimsys/" local="129208436540000000" remote="130285336200000000" />
<file name="pagination_prev.gif" server="in.genio.us/aimsys/" local="129208436540000000" remote="130285336200000000" />
<file name="panel_loading.gif" server="in.genio.us/aimsys/" local="129208436540000000" remote="130285336200000000" />
<file name="panel_title.png" server="in.genio.us/aimsys/" local="129208436540000000" remote="130285336200000000" />
<file name="panel_tools.gif" server="in.genio.us/aimsys/" local="129208436540000000" remote="130285336800000000" />
<file name="panel_tool_collapse.gif" server="in.genio.us/aimsys/" local="129208436540000000" remote="130285336800000000" />
<file name="panel_tool_expand.gif" server="in.genio.us/aimsys/" local="129208436540000000" remote="130285336800000000" />
<file name="searchbox_button.png" server="in.genio.us/aimsys/" local="127406327720000000" remote="130285336800000000" />
<file name="spinner_arrow_down.gif" server="in.genio.us/aimsys/" local="129254908540000000" remote="130285336800000000" />
<file name="spinner_arrow_up.gif" server="in.genio.us/aimsys/" local="129254908340000000" remote="130285336800000000" />
<file name="tabs_active.png" server="in.genio.us/aimsys/" local="129208436540000000" remote="130285336800000000" />
<file name="tabs_close.gif" server="in.genio.us/aimsys/" local="129243685540000000" remote="130285336800000000" />
<file name="tabs_enabled.png" server="in.genio.us/aimsys/" local="129208436540000000" remote="130285336800000000" />
<file name="tabs_leftarrow.png" server="in.genio.us/aimsys/" local="129208436540000000" remote="130285336800000000" />
<file name="tabs_rightarrow.png" server="in.genio.us/aimsys/" local="129208436540000000" remote="130285336800000000" />
<file name="tree_arrows.gif" server="in.genio.us/aimsys/" local="129285187040000000" remote="130285336800000000" />
<file name="tree_checkbox_0.gif" server="in.genio.us/aimsys/" local="129208436540000000" remote="130285336800000000" />
<file name="tree_checkbox_1.gif" server="in.genio.us/aimsys/" local="129208436540000000" remote="130285336800000000" />
<file name="tree_checkbox_2.gif" server="in.genio.us/aimsys/" local="129208436540000000" remote="130285336800000000" />
<file name="tree_dnd_no.png" server="in.genio.us/aimsys/" local="129291443560000000" remote="130285336800000000" />
<file name="tree_dnd_yes.png" server="in.genio.us/aimsys/" local="129291442900000000" remote="130285336800000000" />
<file name="tree_file.gif" server="in.genio.us/aimsys/" local="129208436540000000" remote="130285336800000000" />
<file name="tree_folder.gif" server="in.genio.us/aimsys/" local="129208436540000000" remote="130285336800000000" />
<file name="tree_folder_open.gif" server="in.genio.us/aimsys/" local="129208436540000000" remote="130285336800000000" />
<file name="tree_loading.gif" server="in.genio.us/aimsys/" local="129208436540000000" remote="130285336800000000" />
<file name="validatebox_pointer.gif" server="in.genio.us/aimsys/" local="129208436540000000" remote="130285336800000000" />
<file name="validatebox_warning.png" server="in.genio.us/aimsys/" local="129208436540000000" remote="130285336800000000" />
<file name="accordion_collapse.png" server="10.0.100.112//var/www/joomla/" local="129311127860000000" remote="129770199910000000" />
<file name="accordion_expand.png" server="10.0.100.112//var/www/joomla/" local="129311127860000000" remote="129770199910000000" />
<file name="blank.gif" server="10.0.100.112//var/www/joomla/" local="129392559820000000" remote="129770199910000000" />
<file name="button_a_bg.gif" server="10.0.100.112//var/www/joomla/" local="129208436540000000" remote="129770199910000000" />
<file name="button_plain_hover.png" server="10.0.100.112//var/www/joomla/" local="129208436540000000" remote="129770199910000000" />
<file name="button_span_bg.gif" server="10.0.100.112//var/www/joomla/" local="129208436540000000" remote="129770199910000000" />
<file name="calendar_nextmonth.gif" server="10.0.100.112//var/www/joomla/" local="129208436540000000" remote="129770199910000000" />
<file name="calendar_nextyear.gif" server="10.0.100.112//var/www/joomla/" local="129208436540000000" remote="129770199910000000" />
<file name="calendar_prevmonth.gif" server="10.0.100.112//var/www/joomla/" local="129208436540000000" remote="129770199910000000" />
<file name="calendar_prevyear.gif" server="10.0.100.112//var/www/joomla/" local="129208436540000000" remote="129770199910000000" />
<file name="combo_arrow.gif" server="10.0.100.112//var/www/joomla/" local="129243091740000000" remote="129770199910000000" />
<file name="datagrid_header_bg.gif" server="10.0.100.112//var/www/joomla/" local="129208436540000000" remote="129770199910000000" />
<file name="datagrid_row_collapse.gif" server="10.0.100.112//var/www/joomla/" local="129301801840000000" remote="129770199910000000" />
<file name="datagrid_row_expand.gif" server="10.0.100.112//var/www/joomla/" local="129301801840000000" remote="129770199910000000" />
<file name="datagrid_sort_asc.gif" server="10.0.100.112//var/www/joomla/" local="129208436540000000" remote="129770199910000000" />
<file name="datagrid_sort_desc.gif" server="10.0.100.112//var/www/joomla/" local="129208436540000000" remote="129770199910000000" />
<file name="datagrid_title_bg.png" server="10.0.100.112//var/www/joomla/" local="129208436540000000" remote="129770199910000000" />
<file name="datebox_arrow.png" server="10.0.100.112//var/www/joomla/" local="129345874740000000" remote="129770199910000000" />
<file name="layout_button_down.gif" server="10.0.100.112//var/www/joomla/" local="129208436540000000" remote="129770199910000000" />
<file name="layout_button_left.gif" server="10.0.100.112//var/www/joomla/" local="129208436540000000" remote="129770199910000000" />
<file name="layout_button_right.gif" server="10.0.100.112//var/www/joomla/" local="129208436540000000" remote="129770199910000000" />
<file name="layout_button_up.gif" server="10.0.100.112//var/www/joomla/" local="129208436540000000" remote="129770199910000000" />
<file name="menu.gif" server="10.0.100.112//var/www/joomla/" local="129208436540000000" remote="129770199910000000" />
<file name="menu_downarrow.png" server="10.0.100.112//var/www/joomla/" local="129208436540000000" remote="129770199910000000" />
<file name="menu_rightarrow.png" server="10.0.100.112//var/www/joomla/" local="129208436540000000" remote="129770199910000000" />
<file name="menu_sep.png" server="10.0.100.112//var/www/joomla/" local="129208436540000000" remote="129770199910000000" />
<file name="menu_split_downarrow.png" server="10.0.100.112//var/www/joomla/" local="129208436540000000" remote="129770199910000000" />
<file name="messager_error.gif" server="10.0.100.112//var/www/joomla/" local="129208436540000000" remote="129770199910000000" />
<file name="messager_info.gif" server="10.0.100.112//var/www/joomla/" local="129208436540000000" remote="129770199910000000" />
<file name="messager_question.gif" server="10.0.100.112//var/www/joomla/" local="129208436540000000" remote="129770199910000000" />
<file name="messager_warning.gif" server="10.0.100.112//var/www/joomla/" local="129208436540000000" remote="129770199910000000" />
<file name="pagination_first.gif" server="10.0.100.112//var/www/joomla/" local="129208436540000000" remote="129770199910000000" />
<file name="pagination_last.gif" server="10.0.100.112//var/www/joomla/" local="129208436540000000" remote="129770199910000000" />
<file name="pagination_load.png" server="10.0.100.112//var/www/joomla/" local="129208436540000000" remote="129770199910000000" />
<file name="pagination_loading.gif" server="10.0.100.112//var/www/joomla/" local="129208436540000000" remote="129770199910000000" />
<file name="pagination_next.gif" server="10.0.100.112//var/www/joomla/" local="129208436540000000" remote="129770199910000000" />
<file name="pagination_prev.gif" server="10.0.100.112//var/www/joomla/" local="129208436540000000" remote="129770199910000000" />
<file name="panel_loading.gif" server="10.0.100.112//var/www/joomla/" local="129208436540000000" remote="129770199910000000" />
<file name="panel_title.png" server="10.0.100.112//var/www/joomla/" local="129208436540000000" remote="129770199910000000" />
<file name="panel_tools.gif" server="10.0.100.112//var/www/joomla/" local="129208436540000000" remote="129770199910000000" />
<file name="panel_tool_collapse.gif" server="10.0.100.112//var/www/joomla/" local="129208436540000000" remote="129770199910000000" />
<file name="panel_tool_expand.gif" server="10.0.100.112//var/www/joomla/" local="129208436540000000" remote="129770199910000000" />
<file name="searchbox_button.png" server="10.0.100.112//var/www/joomla/" local="127406327720000000" remote="129770199910000000" />
<file name="spinner_arrow_down.gif" server="10.0.100.112//var/www/joomla/" local="129254908540000000" remote="129770199910000000" />
<file name="spinner_arrow_up.gif" server="10.0.100.112//var/www/joomla/" local="129254908340000000" remote="129770199910000000" />
<file name="tabs_active.png" server="10.0.100.112//var/www/joomla/" local="129208436540000000" remote="129770199920000000" />
<file name="tabs_close.gif" server="10.0.100.112//var/www/joomla/" local="129243685540000000" remote="129770199920000000" />
<file name="tabs_enabled.png" server="10.0.100.112//var/www/joomla/" local="129208436540000000" remote="129770199920000000" />
<file name="tabs_leftarrow.png" server="10.0.100.112//var/www/joomla/" local="129208436540000000" remote="129770199920000000" />
<file name="tabs_rightarrow.png" server="10.0.100.112//var/www/joomla/" local="129208436540000000" remote="129770199920000000" />
<file name="tree_arrows.gif" server="10.0.100.112//var/www/joomla/" local="129285187040000000" remote="129770199920000000" />
<file name="tree_checkbox_0.gif" server="10.0.100.112//var/www/joomla/" local="129208436540000000" remote="129770199920000000" />
<file name="tree_checkbox_1.gif" server="10.0.100.112//var/www/joomla/" local="129208436540000000" remote="129770199920000000" />
<file name="tree_checkbox_2.gif" server="10.0.100.112//var/www/joomla/" local="129208436540000000" remote="129770199920000000" />
<file name="tree_dnd_no.png" server="10.0.100.112//var/www/joomla/" local="129291443560000000" remote="129770199920000000" />
<file name="tree_dnd_yes.png" server="10.0.100.112//var/www/joomla/" local="129291442900000000" remote="129770199920000000" />
<file name="tree_file.gif" server="10.0.100.112//var/www/joomla/" local="129208436540000000" remote="129770199920000000" />
<file name="tree_folder.gif" server="10.0.100.112//var/www/joomla/" local="129208436540000000" remote="129770199920000000" />
<file name="tree_folder_open.gif" server="10.0.100.112//var/www/joomla/" local="129208436540000000" remote="129770199920000000" />
<file name="tree_loading.gif" server="10.0.100.112//var/www/joomla/" local="129208436540000000" remote="129770199920000000" />
<file name="validatebox_pointer.gif" server="10.0.100.112//var/www/joomla/" local="129208436540000000" remote="129770199920000000" />
<file name="validatebox_warning.png" server="10.0.100.112//var/www/joomla/" local="129208436540000000" remote="129770199920000000" />
<file name="accordion_collapse.png" server="aimsys.home//var/www/aimsys/" local="130103766950000000" remote="130103766950000000" />
<file name="accordion_expand.png" server="aimsys.home//var/www/aimsys/" local="130103766950000000" remote="130103766950000000" />
<file name="blank.gif" server="aimsys.home//var/www/aimsys/" local="130103766950000000" remote="130103766950000000" />
<file name="button_a_bg.gif" server="aimsys.home//var/www/aimsys/" local="130103766950000000" remote="130103766950000000" />
<file name="button_plain_hover.png" server="aimsys.home//var/www/aimsys/" local="130103766950000000" remote="130103766950000000" />
<file name="button_span_bg.gif" server="aimsys.home//var/www/aimsys/" local="130103766950000000" remote="130103766950000000" />
<file name="calendar_nextmonth.gif" server="aimsys.home//var/www/aimsys/" local="130103766950000000" remote="130103766950000000" />
<file name="calendar_nextyear.gif" server="aimsys.home//var/www/aimsys/" local="130103766950000000" remote="130103766950000000" />
<file name="calendar_prevmonth.gif" server="aimsys.home//var/www/aimsys/" local="130103766950000000" remote="130103766950000000" />
<file name="calendar_prevyear.gif" server="aimsys.home//var/www/aimsys/" local="130103766950000000" remote="130103766950000000" />
<file name="combo_arrow.gif" server="aimsys.home//var/www/aimsys/" local="130103766950000000" remote="130103766950000000" />
<file name="datagrid_header_bg.gif" server="aimsys.home//var/www/aimsys/" local="130103766950000000" remote="130103766950000000" />
<file name="datagrid_row_collapse.gif" server="aimsys.home//var/www/aimsys/" local="130103766950000000" remote="130103766950000000" />
<file name="datagrid_row_expand.gif" server="aimsys.home//var/www/aimsys/" local="130103766950000000" remote="130103766950000000" />
<file name="datagrid_sort_asc.gif" server="aimsys.home//var/www/aimsys/" local="130103766950000000" remote="130103766950000000" />
<file name="datagrid_sort_desc.gif" server="aimsys.home//var/www/aimsys/" local="130103766950000000" remote="130103766950000000" />
<file name="datagrid_title_bg.png" server="aimsys.home//var/www/aimsys/" local="130103766950000000" remote="130103766950000000" />
<file name="datebox_arrow.png" server="aimsys.home//var/www/aimsys/" local="130103766950000000" remote="130103766950000000" />
<file name="layout_button_down.gif" server="aimsys.home//var/www/aimsys/" local="130103766950000000" remote="130103766950000000" />
<file name="layout_button_left.gif" server="aimsys.home//var/www/aimsys/" local="130103766950000000" remote="130103766950000000" />
<file name="layout_button_right.gif" server="aimsys.home//var/www/aimsys/" local="130103766950000000" remote="130103766950000000" />
<file name="layout_button_up.gif" server="aimsys.home//var/www/aimsys/" local="130103766950000000" remote="130103766950000000" />
<file name="menu.gif" server="aimsys.home//var/www/aimsys/" local="130103766950000000" remote="130103766950000000" />
<file name="menu_downarrow.png" server="aimsys.home//var/www/aimsys/" local="130103766950000000" remote="130103766950000000" />
<file name="menu_rightarrow.png" server="aimsys.home//var/www/aimsys/" local="130103766950000000" remote="130103766950000000" />
<file name="menu_sep.png" server="aimsys.home//var/www/aimsys/" local="130103766950000000" remote="130103766950000000" />
<file name="menu_split_downarrow.png" server="aimsys.home//var/www/aimsys/" local="130103766950000000" remote="130103766950000000" />
<file name="messager_error.gif" server="aimsys.home//var/www/aimsys/" local="130103766950000000" remote="130103766950000000" />
<file name="messager_info.gif" server="aimsys.home//var/www/aimsys/" local="130103766950000000" remote="130103766950000000" />
<file name="messager_question.gif" server="aimsys.home//var/www/aimsys/" local="130103766950000000" remote="130103766950000000" />
<file name="messager_warning.gif" server="aimsys.home//var/www/aimsys/" local="130103766950000000" remote="130103766950000000" />
<file name="pagination_first.gif" server="aimsys.home//var/www/aimsys/" local="130103766950000000" remote="130103766950000000" />
<file name="pagination_last.gif" server="aimsys.home//var/www/aimsys/" local="130103766950000000" remote="130103766950000000" />
<file name="pagination_load.png" server="aimsys.home//var/www/aimsys/" local="130103766950000000" remote="130103766950000000" />
<file name="pagination_loading.gif" server="aimsys.home//var/www/aimsys/" local="130103766950000000" remote="130103766950000000" />
<file name="pagination_next.gif" server="aimsys.home//var/www/aimsys/" local="130103766950000000" remote="130103766950000000" />
<file name="pagination_prev.gif" server="aimsys.home//var/www/aimsys/" local="130103766950000000" remote="130103766950000000" />
<file name="panel_loading.gif" server="aimsys.home//var/www/aimsys/" local="130103766950000000" remote="130103766950000000" />
<file name="panel_title.png" server="aimsys.home//var/www/aimsys/" local="130103766950000000" remote="130103766950000000" />
<file name="panel_tools.gif" server="aimsys.home//var/www/aimsys/" local="130103766950000000" remote="130103766950000000" />
<file name="panel_tool_collapse.gif" server="aimsys.home//var/www/aimsys/" local="130103766950000000" remote="130103766950000000" />
<file name="panel_tool_expand.gif" server="aimsys.home//var/www/aimsys/" local="130103766950000000" remote="130103766950000000" />
<file name="searchbox_button.png" server="aimsys.home//var/www/aimsys/" local="130103766950000000" remote="130103766950000000" />
<file name="spinner_arrow_down.gif" server="aimsys.home//var/www/aimsys/" local="130103766950000000" remote="130103766950000000" />
<file name="spinner_arrow_up.gif" server="aimsys.home//var/www/aimsys/" local="130103766950000000" remote="130103766950000000" />
<file name="tabs_active.png" server="aimsys.home//var/www/aimsys/" local="130103766950000000" remote="130103766950000000" />
<file name="tabs_close.gif" server="aimsys.home//var/www/aimsys/" local="130103766950000000" remote="130103766950000000" />
<file name="tabs_enabled.png" server="aimsys.home//var/www/aimsys/" local="130103766950000000" remote="130103766950000000" />
<file name="tabs_leftarrow.png" server="aimsys.home//var/www/aimsys/" local="130103766950000000" remote="130103766950000000" />
<file name="tabs_rightarrow.png" server="aimsys.home//var/www/aimsys/" local="130103766950000000" remote="130103766950000000" />
<file name="tree_arrows.gif" server="aimsys.home//var/www/aimsys/" local="130103766950000000" remote="130103766950000000" />
<file name="tree_checkbox_0.gif" server="aimsys.home//var/www/aimsys/" local="130103766950000000" remote="130103766950000000" />
<file name="tree_checkbox_1.gif" server="aimsys.home//var/www/aimsys/" local="130103766950000000" remote="130103766950000000" />
<file name="tree_checkbox_2.gif" server="aimsys.home//var/www/aimsys/" local="130103766950000000" remote="130103766950000000" />
<file name="tree_dnd_no.png" server="aimsys.home//var/www/aimsys/" local="130103766950000000" remote="130103766950000000" />
<file name="tree_dnd_yes.png" server="aimsys.home//var/www/aimsys/" local="130103766950000000" remote="130103766950000000" />
<file name="tree_file.gif" server="aimsys.home//var/www/aimsys/" local="130103766950000000" remote="130103766950000000" />
<file name="tree_folder.gif" server="aimsys.home//var/www/aimsys/" local="130103766950000000" remote="130103766950000000" />
<file name="tree_folder_open.gif" server="aimsys.home//var/www/aimsys/" local="130103766950000000" remote="130103766950000000" />
<file name="tree_loading.gif" server="aimsys.home//var/www/aimsys/" local="130103766950000000" remote="130103766950000000" />
<file name="validatebox_pointer.gif" server="aimsys.home//var/www/aimsys/" local="130103766950000000" remote="130103766950000000" />
<file name="validatebox_warning.png" server="aimsys.home//var/www/aimsys/" local="130103766950000000" remote="130103766950000000" />
</dwsync>