<?xml version="1.0" encoding="utf-8" ?>
<dwsync>
<file name="includes.php" server="in.genio.us/aimsys/" local="130365650234247812" remote="130371072600000000" />
<file name="scripts.php" server="in.genio.us/aimsys/" local="130360496700701765" remote="130371072600000000" />
<file name="styles.php" server="in.genio.us/aimsys/" local="130226419670000000" remote="130371072600000000" />
<file name="includes.php" server="aimsys.home//var/www/aimsys/" local="130385328266180830" remote="130385328230000000" />
<file name="scripts.php" server="aimsys.home//var/www/aimsys/" local="130381969612482731" remote="130381969590000000" />
<file name="styles.php" server="aimsys.home//var/www/aimsys/" local="130381958625934336" remote="130381958610000000" />
<file name="minimal.php" server="aimsys.home//var/www/aimsys/" local="130089077676035494" remote="130103730970000000" />
<file name="minimal.php" server="in.genio.us/aimsys/" local="130103766970000000" remote="130371072600000000" />
<file name="scripts.php" server="10.0.100.250//var/www/aimsys/" local="3461007186" remote="20640876370" />
<file name="includes.php" server="10.0.100.250//var/www/aimsys/" local="3459115850" remote="20638985034" />
<file name="minimal.php" server="10.0.100.250//var/www/aimsys/" local="3448744297" remote="20628613481" />
<file name="styles.php" server="10.0.100.250//var/www/aimsys/" local="3461013167" remote="20640882351" />
<file name="scripts.php" server="10.0.100.250//var/www/" local="3461007186" remote="20640876370" />
<file name="includes.php" server="10.0.100.250//var/www/" local="3459115850" remote="20638985034" />
<file name="minimal.php" server="10.0.100.250//var/www/" local="3448744297" remote="20628613481" />
<file name="styles.php" server="10.0.100.250//var/www/" local="3461013167" remote="20640882351" />
<file name="includes.php" server="aimsys//var/www/aimsys/" local="130385328266180830" remote="130516830710000000" />
<file name="minimal.php" server="aimsys//var/www/aimsys/" local="130103766970000000" remote="130516830710000000" />
<file name="scripts.php" server="aimsys//var/www/aimsys/" local="130381969612482731" remote="130516830710000000" />
<file name="styles.php" server="aimsys//var/www/aimsys/" local="130381958625934336" remote="130516830710000000" />
</dwsync>