<?xml version="1.0" encoding="utf-8" ?>
<dwsync>
<file name="includes.php" server="in.genio.us/aimsys/" local="130207446480652918" remote="130285338000000000" />
<file name="scripts.php" server="in.genio.us/aimsys/" local="130226359810502070" remote="130285338000000000" />
<file name="styles.php" server="in.genio.us/aimsys/" local="130226420602879195" remote="130285338000000000" />
<file name="includes.php" server="aimsys.home//var/www/aimsys/" local="130207482500000000" remote="130207482500000000" />
<file name="scripts.php" server="aimsys.home//var/www/aimsys/" local="130226395860000000" remote="130226395860000000" />
<file name="styles.php" server="aimsys.home//var/www/aimsys/" local="130226419625293281" remote="130226419670000000" />
<file name="minimal.php" server="aimsys.home//var/www/aimsys/" local="130103766970000000" remote="130103766970000000" />
<file name="minimal.php" server="in.genio.us/aimsys/" local="130089077676035494" remote="130285338000000000" />
</dwsync>