<?xml version="1.0" encoding="utf-8" ?>
<dwsync>
<file name="login.php" server="in.genio.us/aimsys/" local="130371664082943632" remote="130377968400000000" />
<file name="main.php" server="in.genio.us/aimsys/" local="130105548990000000" remote="130377968400000000" />
<file name="login.php" server="in.genio.us" local="129989755578310000" remote="129989792400000000" />
<file name="logout.php" server="in.genio.us/aimsys/" local="130103766940000000" remote="130377968400000000" />
<file name="login.php" server="aimsys.home//var/www/aimsys/" local="130371664082943632" remote="130371664080000000" />
<file name="logout.php" server="aimsys.home//var/www/aimsys/" local="130063336227010500" remote="130103730940000000" />
<file name="main.php" server="aimsys.home//var/www/aimsys/" local="130105573627012870" remote="130105512990000000" />
<file name="tab.php" server="in.genio.us/aimsys/" local="130364485286238201" remote="130377968400000000" />
<file name="tab.php" server="aimsys.home//var/www/aimsys/" local="130364485286238201" remote="130364485270000000" />
<file name="su.php" server="in.genio.us/aimsys/" local="130103766940000000" remote="130377968400000000" />
<file name="su.php" server="aimsys.home//var/www/aimsys/" local="130089232210000000" remote="130103730940000000" />
<file name="form.php" server="aimsys.home//var/www/aimsys/" local="130382742355885221" remote="130382742330000000" />
<file name="form.php" server="in.genio.us/aimsys/" local="130376750510747187" remote="130377968400000000" />
<file name="logout.php" server="10.0.100.250//var/www/aimsys/" local="3448744294" remote="20628613478" />
<file name="login.php" server="10.0.100.250//var/www/aimsys/" local="3448922511" remote="20628791695" />
<file name="form.php" server="10.0.100.250//var/www/aimsys/" local="3458514283" remote="20638383467" />
<file name="tab.php" server="10.0.100.250//var/www/aimsys/" local="3448744294" remote="20628613478" />
<file name="su.php" server="10.0.100.250//var/www/aimsys/" local="3448744294" remote="20628613478" />
<file name="main.php" server="10.0.100.250//var/www/aimsys/" local="3448922499" remote="20628791683" />
<file name="logout.php" server="10.0.100.250//var/www/" local="3448744294" remote="20628613478" />
<file name="login.php" server="10.0.100.250//var/www/" local="3448922511" remote="20628791695" />
<file name="form.php" server="10.0.100.250//var/www/" local="3468711702" remote="16353613580" />
<file name="tab.php" server="10.0.100.250//var/www/" local="3448744294" remote="20628613478" />
<file name="su.php" server="10.0.100.250//var/www/" local="3448744294" remote="20628613478" />
<file name="main.php" server="10.0.100.250//var/www/" local="3448922499" remote="20628791683" />
<file name="checkout.php" server="aimsys.home//var/www/aimsys/" local="130382764589716923" remote="130382764570000000" />
<file name="checkin.php" server="aimsys.home//var/www/aimsys/" local="130365716263332440" remote="130365716230000000" />
<file name="checkin.php" server="in.genio.us/aimsys/" local="130365716263332440" remote="130377968400000000" />
<file name="checkout.php" server="in.genio.us/aimsys/" local="130365715232691566" remote="130377968400000000" />
<file name="qv.php" server="aimsys.home//var/www/aimsys/" local="130375692209426686" remote="130375692220000000" />
<file name="qv.php" server="in.genio.us/aimsys/" local="130375692209426686" remote="130377968400000000" />
<file name="input.php" server="aimsys.home//var/www/aimsys/" local="130382754714342084" remote="130382754690000000" />
<file name="checkin.php" server="aimsys//var/www/aimsys/" local="130516833416881945" remote="130516830680000000" />
<file name="checkout.php" server="aimsys//var/www/aimsys/" local="130516833416411919" remote="130516830680000000" />
<file name="form.php" server="aimsys//var/www/aimsys/" local="130516833415971888" remote="130516830680000000" />
<file name="input.php" server="aimsys//var/www/aimsys/" local="130382754714342084" remote="130516830680000000" />
<file name="login.php" server="aimsys//var/www/aimsys/" local="130371664082943632" remote="130516830680000000" />
<file name="logout.php" server="aimsys//var/www/aimsys/" local="130103766940000000" remote="130516830680000000" />
<file name="main.php" server="aimsys//var/www/aimsys/" local="130105548990000000" remote="130516830680000000" />
<file name="qv.php" server="aimsys//var/www/aimsys/" local="130516833415391853" remote="130516830680000000" />
<file name="su.php" server="aimsys//var/www/aimsys/" local="130103766940000000" remote="130516830680000000" />
<file name="tab.php" server="aimsys//var/www/aimsys/" local="130364485286238201" remote="130516830680000000" />
</dwsync>