<?xml version="1.0" encoding="utf-8" ?>
<dwsync>
<file name="login.php" server="in.genio.us/aimsys/" local="130105573746369697" remote="130285334400000000" />
<file name="main.php" server="in.genio.us/aimsys/" local="130105573627012870" remote="130285334400000000" />
<file name="login.php" server="in.genio.us" local="129989755578310000" remote="129989792400000000" />
<file name="logout.php" server="in.genio.us/aimsys/" local="130063336227010500" remote="130285334400000000" />
<file name="login.php" server="aimsys.home//var/www/aimsys/" local="130105549110000000" remote="130105549110000000" />
<file name="logout.php" server="aimsys.home//var/www/aimsys/" local="130103766940000000" remote="130103766940000000" />
<file name="main.php" server="aimsys.home//var/www/aimsys/" local="130105548990000000" remote="130105548990000000" />
<file name="tab.php" server="in.genio.us/aimsys/" local="130090889143278255" remote="130285334400000000" />
<file name="tab.php" server="aimsys.home//var/www/aimsys/" local="130103766940000000" remote="130103766940000000" />
<file name="su.php" server="in.genio.us/aimsys/" local="130089232210000000" remote="130285334400000000" />
<file name="su.php" server="aimsys.home//var/www/aimsys/" local="130103766940000000" remote="130103766940000000" />
<file name="form.php" server="aimsys.home//var/www/aimsys/" local="130303404920000000" remote="130303404920000000" />
<file name="form.php" server="in.genio.us/aimsys/" local="130201430831300519" remote="130285334400000000" />
</dwsync>