<?xml version="1.0" encoding="utf-8" ?>
<dwsync>
<file name="functions.php" server="in.genio.us" local="129932495829800000" remote="129932531400000000" />
<file name="menu.php" server="in.genio.us" local="3413915795" remote="16298806848" />
<file name="params.php" server="in.genio.us" local="129765044490263500" remote="129765080400000000" />
<file name="params.php" server="in.genio.us/aimsys/" local="129938457570083000" remote="130285338000000000" />
<file name="functions.php" server="in.genio.us/aimsys/" local="129932495829800000" remote="130285338000000000" />
<file name="functions.php" server="10.0.100.109//var/www/joomla/" local="129769238780880000" remote="129769238840000000" />
<file name="params.php" server="10.0.100.109//var/www/joomla/" local="129769364946810000" remote="129769364540000000" />
<file name="params.php-bak" server="10.0.100.109//var/www/joomla/" local="129764921853813500" remote="129768274480000000" />
<file name="menu.php" server="10.0.100.109//var/www/joomla/" local="129770030971160000" remote="129770031050000000" />
<file name="menu.php" server="in.genio.us/aimsys/" local="129932564268760000" remote="130285338000000000" />
<file name="params.php-bak" server="in.genio.us/aimsys/" local="129764921853813500" remote="130285338000000000" />
<file name="functions.php" server="10.0.100.112//var/www/joomla/" local="129774540941750001" remote="129774541000000000" />
<file name="menu.php" server="10.0.100.112//var/www/joomla/" local="129771057262208000" remote="129774290020000000" />
<file name="params.php" server="10.0.100.112//var/www/joomla/" local="129769364946810000" remote="129774290020000000" />
<file name="params.php-bak" server="10.0.100.112//var/www/joomla/" local="129764921853813500" remote="129774290020000000" />
<file name="divTemplates.php" server="10.0.100.112//var/www/joomla/" local="129774506135690001" remote="129774506190000000" />
<file name="functions.php" server="Z:/aimsys/" local="129781630258109500" remote="129781630250000000" />
<file name="divTemplates.php" server="in.genio.us/aimsys/" local="129774623693276500" remote="130285338000000000" />
<file name="menu -copy.php" server="in.genio.us/aimsys/" local="129932481000000000" remote="130285338000000000" />
<file name="divTemplates.php" server="aimsys.home//var/www/aimsys/" local="130103766980000000" remote="130103766980000000" />
<file name="functions.php" server="aimsys.home//var/www/aimsys/" local="130103766980000000" remote="130103766980000000" />
<file name="menu -copy.php" server="aimsys.home//var/www/aimsys/" local="130103766980000000" remote="130103766980000000" />
<file name="menu.php" server="aimsys.home//var/www/aimsys/" local="130103766980000000" remote="130103766980000000" />
<file name="params.php" server="aimsys.home//var/www/aimsys/" local="130103766980000000" remote="130103766980000000" />
<file name="params.php-bak" server="aimsys.home//var/www/aimsys/" local="130103766980000000" remote="130103766980000000" />
</dwsync>