<?xml version="1.0" encoding="utf-8" ?>
<dwsync>
<file name="easyloader.js" server="in.genio.us" local="3405685196" remote="12003841892" />
<file name="jquery.easyui.min.js" server="in.genio.us" local="3406287150" remote="12003841892" />
<file name="easyloader.js" server="10.0.100.109//var/www/joomla/" local="129673139960000000" remote="129768274300000000" />
<file name="jquery.easyui.min.js" server="10.0.100.109//var/www/joomla/" local="129679159500000000" remote="129768274300000000" />
<file name="easyloader.js" server="in.genio.us/aimsys/" local="130103766950000000" remote="130371070800000000" />
<file name="jquery.easyui.min.js" server="in.genio.us/aimsys/" local="130103766950000000" remote="130371070800000000" />
<file name="easyloader.js" server="10.0.100.112//var/www/joomla/" local="129673139960000000" remote="129770199900000000" />
<file name="jquery.easyui.min.js" server="10.0.100.112//var/www/joomla/" local="129773455040740001" remote="129773455080000000" />
<file name="easyloader.js" server="aimsys.home//var/www/aimsys/" local="130103766950000000" remote="130381936860000000" />
<file name="jquery.easyui.min.js" server="aimsys.home//var/www/aimsys/" local="130103766950000000" remote="130381936860000000" />
<file name="jquery.easyui.min.js" server="10.0.100.250//var/www/" local="3448744295" remote="20628613479" />
<file name="easyloader.js" server="10.0.100.250//var/www/" local="3448744295" remote="20628613479" />
<file name="jquery.easyui.min.js" server="10.0.100.250//var/www/aimsys/" local="3448744295" remote="20628613479" />
<file name="easyloader.js" server="10.0.100.250//var/www/aimsys/" local="3448744295" remote="20628613479" />
<file name="easyloader.js" server="aimsys//var/www/aimsys/" local="130381900860000000" remote="130381900860000000" />
<file name="jquery.easyui.min.js" server="aimsys//var/www/aimsys/" local="130381900860000000" remote="130381900860000000" />
</dwsync>