<?xml version="1.0" encoding="utf-8" ?>
<dwsync>
<file name="class_aimsys.php" server="in.genio.us/aimsys/" local="130254941124882205" remote="130285338000000000" />
<file name="class_aimsys_records.php" server="in.genio.us/aimsys/" local="129939484753973000" remote="130285338000000000" />
<file name="class_colparams.php" server="in.genio.us/aimsys/" local="130255789301357775" remote="130285338000000000" />
<file name="class_date.php" server="in.genio.us/aimsys/" local="129932405928230000" remote="130285338000000000" />
<file name="class_db.php" server="in.genio.us/aimsys/" local="130207569978356583" remote="130285338000000000" />
<file name="class_element.php" server="in.genio.us/aimsys/" local="129932405928770000" remote="130285338000000000" />
<file name="class_req.php" server="in.genio.us/aimsys/" local="129932457641180000" remote="130285338000000000" />
<file name="class_session.php" server="in.genio.us/aimsys/" local="130091500210064096" remote="130285338000000000" />
<file name="class_document.php" server="in.genio.us/aimsys/" local="130089113592556179" remote="130285338000000000" />
<file name="class_aimsys.php" server="aimsys.home//var/www/aimsys/" local="130254945410000000" remote="130254945410000000" />
<file name="class_aimsys_records.php" server="aimsys.home//var/www/aimsys/" local="130103766970000000" remote="130103766970000000" />
<file name="class_colparams.php" server="aimsys.home//var/www/aimsys/" local="130255793570000000" remote="130255793570000000" />
<file name="class_date.php" server="aimsys.home//var/www/aimsys/" local="130103766970000000" remote="130103766970000000" />
<file name="class_db.php" server="aimsys.home//var/www/aimsys/" local="130286855376207274" remote="130286855380000000" />
<file name="class_document.php" server="aimsys.home//var/www/aimsys/" local="130103766970000000" remote="130103766970000000" />
<file name="class_element.php" server="aimsys.home//var/www/aimsys/" local="130103766970000000" remote="130103766970000000" />
<file name="class_req.php" server="aimsys.home//var/www/aimsys/" local="130103766970000000" remote="130103766970000000" />
<file name="class_session.php" server="aimsys.home//var/www/aimsys/" local="130103766970000000" remote="130103766970000000" />
<file name="class_view.php" server="in.genio.us/aimsys/" local="130089133359324288" remote="130285338000000000" />
<file name="class_view.php" server="aimsys.home//var/www/aimsys/" local="130103766970000000" remote="130103766970000000" />
<file name="class_colparams.php" server="in.genio.us" local="130090941514708485" remote="130090977000000000" />
<file name="class_form.php" server="in.genio.us/aimsys/" local="130104550400189695" remote="130285338000000000" />
<file name="class_table.php" server="in.genio.us/aimsys/" local="130206500926774478" remote="130285338000000000" />
<file name="class_table.php" server="aimsys.home//var/www/aimsys/" local="130206536950000000" remote="130206536950000000" />
<file name="class_form.php" server="aimsys.home//var/www/aimsys/" local="130104586460000000" remote="130104586460000000" />
<file name="class_formfilterpage.php" server="aimsys.home//var/www/aimsys/" local="130206504207972151" remote="130206504230000000" />
<file name="class_formfilterpage.php" server="in.genio.us/aimsys/" local="130207465383324089" remote="130285338000000000" />
<file name="class_editor.php" server="aimsys.home//var/www/aimsys/" local="130303407810000000" remote="130303407810000000" />
<file name="class_editor.php" server="in.genio.us/aimsys/" local="130226417575996068" remote="130285338000000000" />
<file name="class_tableparams.php" server="aimsys.home//var/www/aimsys/" local="130254900660000000" remote="130254900660000000" />
<file name="class_tableparams.php" server="in.genio.us/aimsys/" local="130254896324099746" remote="130285338000000000" />
</dwsync>