<?xml version="1.0" encoding="utf-8" ?>
<dwsync>
<file name="style.css" server="in.genio.us" local="3413937720" remote="16298828808" />
<file name="style-ie.css" server="in.genio.us" local="3413460430" remote="12003386672" />
<file name="jquery.multiselect.css" server="in.genio.us" local="3414020173" remote="16298911248" />
<file name="jqueryui-lightness.css" server="in.genio.us" local="129755340300000000" remote="129764417400000000" />
<file name="jqueryui-smoothness.css" server="in.genio.us" local="129764415220000000" remote="129764417400000000" />
<file name="jquery.multiselect.filter.css" server="in.genio.us" local="129764387566513500" remote="129764423400000000" />
<file name="jqueryui-smoothness.css" server="in.genio.us/aimsys/" local="129931755839780000" remote="130285335600000000" />
<file name="jquery.multiselect.css" server="10.0.100.109//var/www/joomla/" local="129769218311130000" remote="129769218370000000" />
<file name="jquery.multiselect.filter.css" server="10.0.100.109//var/www/joomla/" local="129764387566513500" remote="129768274250000000" />
<file name="jqueryui-lightness.css" server="10.0.100.109//var/www/joomla/" local="129755340300000000" remote="129768274250000000" />
<file name="jqueryui-smoothness.css" server="10.0.100.109//var/www/joomla/" local="129769241960810000" remote="129769242020000000" />
<file name="style-ie.css" server="10.0.100.109//var/www/joomla/" local="129750892300000000" remote="129768274250000000" />
<file name="style.css" server="10.0.100.109//var/www/joomla/" local="129769359517200000" remote="129769359110000000" />
<file name="jquery.multiselect.filter.css" server="in.genio.us/aimsys/" local="130103692837054322" remote="130285335600000000" />
<file name="jqueryui-lightness.css" server="in.genio.us/aimsys/" local="129755340300000000" remote="130285335600000000" />
<file name="style - Copy.css" server="in.genio.us/aimsys/" local="129768401160000000" remote="130285335600000000" />
<file name="style-ie.css" server="in.genio.us/aimsys/" local="129750892300000000" remote="130285335600000000" />
<file name="jquery.multiselect.css" server="10.0.100.112//var/www/joomla/" local="129769218311130000" remote="129770149310000000" />
<file name="jquery.multiselect.filter.css" server="10.0.100.112//var/www/joomla/" local="129764387566513500" remote="129770149310000000" />
<file name="jqueryui-lightness.css" server="10.0.100.112//var/www/joomla/" local="129755340300000000" remote="129770149310000000" />
<file name="jqueryui-smoothness.css" server="10.0.100.112//var/www/joomla/" local="129773479582900001" remote="129773479620000000" />
<file name="style - Copy.css" server="10.0.100.112//var/www/joomla/" local="129768401160000000" remote="129770149310000000" />
<file name="style-ie.css" server="10.0.100.112//var/www/joomla/" local="129750892300000000" remote="129770149310000000" />
<file name="style.css" server="10.0.100.112//var/www/joomla/" local="129774622602846500" remote="129774621730000000" />
<file name="jquery.loadmask.css" server="in.genio.us/aimsys/" local="129932693190120000" remote="130285335600000000" />
<file name="style.css" server="in.genio.us/aimsys/" local="130255779884689172" remote="130285335600000000" />
<file name="jquery.countdown.css" server="in.genio.us/aimsys/" local="130000674580000000" remote="130285335600000000" />
<file name="jquery.countdown.css" server="aimsys.home//var/www/aimsys/" local="130103766940000000" remote="130103766940000000" />
<file name="jquery.loadmask.css" server="aimsys.home//var/www/aimsys/" local="130303390740000000" remote="130303390740000000" />
<file name="jquery.multiselect.css" server="aimsys.home//var/www/aimsys/" local="130103766940000000" remote="130103766940000000" />
<file name="jquery.multiselect.filter.css" server="aimsys.home//var/www/aimsys/" local="130103766940000000" remote="130103766940000000" />
<file name="jqueryui-lightness.css" server="aimsys.home//var/www/aimsys/" local="130103766940000000" remote="130103766940000000" />
<file name="jqueryui-smoothness.css" server="aimsys.home//var/www/aimsys/" local="130103766940000000" remote="130103766940000000" />
<file name="style - Copy [2].css" server="aimsys.home//var/www/aimsys/" local="130103766940000000" remote="130103766940000000" />
<file name="style - Copy.css" server="aimsys.home//var/www/aimsys/" local="130103766940000000" remote="130103766940000000" />
<file name="style-ie.css" server="aimsys.home//var/www/aimsys/" local="130103766940000000" remote="130103766940000000" />
<file name="style.css" server="aimsys.home//var/www/aimsys/" local="130303311725384855" remote="130303311630000000" />
<file name="style - Copy [2].css" server="in.genio.us/aimsys/" local="130046047257472500" remote="130285335600000000" />
<file name="jquery.noty.buttons.css" server="aimsys.home//var/www/aimsys/" local="130103766940000000" remote="130103766940000000" />
<file name="jquery.noty.buttons.css" server="in.genio.us/aimsys/" local="130091065649809198" remote="130285335600000000" />
<file name="jquery-ui.css" server="in.genio.us/aimsys/" local="130105581296911563" remote="130285335600000000" />
<file name="jquery.multiselect.css" server="in.genio.us/aimsys/" local="130103711752166205" remote="130285335600000000" />
<file name="jquery-ui - original.css" server="aimsys.home//var/www/aimsys/" local="130103766940000000" remote="130103766940000000" />
<file name="jquery-ui.css" server="aimsys.home//var/www/aimsys/" local="130105556660000000" remote="130105556660000000" />
<file name="jquery.multiselect.css-bak" server="aimsys.home//var/www/aimsys/" local="130103766940000000" remote="130103766940000000" />
<file name="jquery-ui - original.css" server="in.genio.us/aimsys/" local="130103673730601496" remote="130285335600000000" />
<file name="jquery.multiselect.css-bak" server="in.genio.us/aimsys/" local="129769218311130000" remote="130285335600000000" />
<file name="style-bak.css" server="in.genio.us/aimsys/" local="129936188079793000" remote="130285335600000000" />
<file name="style.css-bak" server="aimsys.home//var/www/aimsys/" local="130103766940000000" remote="130103766940000000" />
</dwsync>