<?xml version="1.0" encoding="utf-8" ?>
<dwsync>
<file name="jquery-ui - original.css" server="aimsys//var/www/aimsys/" local="130537567630234076" remote="130537577520000000" />
<file name="jquery-ui.css" server="aimsys//var/www/aimsys/" local="130537567630144065" remote="130537577520000000" />
<file name="jquery.countdown.css" server="aimsys//var/www/aimsys/" local="130537567628283901" remote="130537577520000000" />
<file name="jquery.loadmask.css" server="aimsys//var/www/aimsys/" local="130537567628603927" remote="130537577520000000" />
<file name="jquery.multiselect.css" server="aimsys//var/www/aimsys/" local="130537567630214071" remote="130537577520000000" />
<file name="jquery.multiselect.filter.css" server="aimsys//var/www/aimsys/" local="130537567629003967" remote="130537577530000000" />
<file name="jquery.noty.buttons.css" server="aimsys//var/www/aimsys/" local="130537567629724031" remote="130537577530000000" />
<file name="jqueryui-lightness.css" server="aimsys//var/www/aimsys/" local="130537567630834137" remote="130537577530000000" />
<file name="jqueryui-smoothness.css" server="aimsys//var/www/aimsys/" local="130537567629954049" remote="130537577530000000" />
<file name="style-ie.css" server="aimsys//var/www/aimsys/" local="130537567630194071" remote="130537577530000000" />
<file name="style.css" server="aimsys//var/www/aimsys/" local="130537569690243307" remote="130537577530000000" />
</dwsync>