<?xml version="1.0" encoding="utf-8" ?>
<dwsync>
<file name="jquery-ui - original.scss" server="aimsys//var/www/aimsys/" local="130103766940000000" remote="130537577670000000" />
<file name="jquery-ui.scss" server="aimsys//var/www/aimsys/" local="130381900840000000" remote="130537577670000000" />
<file name="jquery.countdown.scss" server="aimsys//var/www/aimsys/" local="130381900840000000" remote="130537577670000000" />
<file name="jquery.loadmask.scss" server="aimsys//var/www/aimsys/" local="130381900840000000" remote="130537577670000000" />
<file name="jquery.multiselect.filter.scss" server="aimsys//var/www/aimsys/" local="130381900840000000" remote="130537577670000000" />
<file name="jquery.multiselect.scss" server="aimsys//var/www/aimsys/" local="130381900840000000" remote="130537577670000000" />
<file name="jquery.noty.buttons.scss" server="aimsys//var/www/aimsys/" local="130381900840000000" remote="130537577670000000" />
<file name="jqueryui-lightness.scss" server="aimsys//var/www/aimsys/" local="130381900840000000" remote="130537577670000000" />
<file name="jqueryui-smoothness.scss" server="aimsys//var/www/aimsys/" local="130381970680000000" remote="130537577670000000" />
<file name="style-ie.scss" server="aimsys//var/www/aimsys/" local="130381900840000000" remote="130537577670000000" />
<file name="style-small.scss" server="aimsys//var/www/aimsys/" local="130384692425232808" remote="130537577670000000" />
<file name="style.scss" server="aimsys//var/www/aimsys/" local="130537569680260400" remote="130537577670000000" />
</dwsync>