<?xml version="1.0" encoding="utf-8" ?>
<dwsync>
<file name="functions.js" server="in.genio.us" local="130203242300100608" remote="130203275400000000" />
<file name="getElementsByClassName.js" server="in.genio.us" local="3413460430" remote="12003386672" />
<file name="jquery.js" server="in.genio.us" local="3413915203" remote="16298806248" />
<file name="prettyprint.js" server="in.genio.us" local="3413491274" remote="16298382348" />
<file name="menus.js" server="in.genio.us" local="3413917514" remote="16298808588" />
<file name="jquery.multiselect.js" server="in.genio.us" local="3414020082" remote="16298911128" />
<file name="jquery.multiselect.filter.js" server="in.genio.us" local="129764387464803500" remote="129764423400000000" />
<file name="jquery.multiselect.js" server="in.genio.us/aimsys/" local="130103730960000000" remote="130371072600000000" />
<file name="functions.js" server="10.0.100.109//var/www/joomla/" local="129770095680640000" remote="129770095760000000" />
<file name="getElementsByClassName.js" server="10.0.100.109//var/www/joomla/" local="129750892300000000" remote="129768274470000000" />
<file name="jquery.js" server="10.0.100.109//var/www/joomla/" local="129755440030000000" remote="129768274470000000" />
<file name="jquery.multiselect.filter.js" server="10.0.100.109//var/www/joomla/" local="129764387464803500" remote="129768274470000000" />
<file name="jquery.multiselect.js" server="10.0.100.109//var/www/joomla/" local="129766727138480000" remote="129768274470000000" />
<file name="menus.js" server="10.0.100.109//var/www/joomla/" local="129755463140000000" remote="129768274480000000" />
<file name="prettyprint.js" server="10.0.100.109//var/www/joomla/" local="129751200740000000" remote="129768274480000000" />
<file name="getElementsByClassName.js" server="in.genio.us/aimsys/" local="130103730960000000" remote="130371072000000000" />
<file name="jquery.js" server="in.genio.us/aimsys/" local="130103730960000000" remote="130371072600000000" />
<file name="jquery.multiselect.filter.js" server="in.genio.us/aimsys/" local="130103730960000000" remote="130371072600000000" />
<file name="menus.js" server="in.genio.us/aimsys/" local="130103730960000000" remote="130371072600000000" />
<file name="prettyprint.js" server="in.genio.us/aimsys/" local="130103730960000000" remote="130371072600000000" />
<file name="functions.js" server="10.0.100.112//var/www/joomla/" local="129774621878996500" remote="129774621000000000" />
<file name="getElementsByClassName.js" server="10.0.100.112//var/www/joomla/" local="129750892300000000" remote="129774290010000000" />
<file name="jquery.js" server="10.0.100.112//var/www/joomla/" local="129755440030000000" remote="129774290010000000" />
<file name="jquery.multiselect.filter.js" server="10.0.100.112//var/www/joomla/" local="129764387464803500" remote="129774290010000000" />
<file name="jquery.multiselect.js" server="10.0.100.112//var/www/joomla/" local="129773752221520001" remote="129774290010000000" />
<file name="menus.js" server="10.0.100.112//var/www/joomla/" local="129755463140000000" remote="129774290010000000" />
<file name="prettyprint.js" server="10.0.100.112//var/www/joomla/" local="129751200740000000" remote="129774290010000000" />
<file name="class_users.js" server="in.genio.us/aimsys/" local="130103730960000000" remote="130371072000000000" />
<file name="ready.js" server="in.genio.us/aimsys/" local="130371030185563887" remote="130371072600000000" />
<file name="jquery.loadmask.min.js" server="in.genio.us/aimsys/" local="130103730960000000" remote="130371072600000000" />
<file name="validate_frm.js" server="in.genio.us/aimsys/" local="130359746273079760" remote="130371072600000000" />
<file name="functions.js" server="in.genio.us/aimsys/" local="130370744844170132" remote="130371072000000000" />
<file name="jquery.countdown.min.js" server="in.genio.us/aimsys/" local="130103730960000000" remote="130371072600000000" />
<file name="class_users.js" server="aimsys.home//var/www/aimsys/" local="130103730960000000" remote="130381936920000000" />
<file name="functions.js" server="aimsys.home//var/www/aimsys/" local="130382789201814655" remote="130382789180000000" />
<file name="getElementsByClassName.js" server="aimsys.home//var/www/aimsys/" local="130103730960000000" remote="130381936920000000" />
<file name="jquery.countdown.min.js" server="aimsys.home//var/www/aimsys/" local="130103730960000000" remote="130381936920000000" />
<file name="jquery.js" server="aimsys.home//var/www/aimsys/" local="130103730960000000" remote="130381936920000000" />
<file name="jquery.loadmask.min.js" server="aimsys.home//var/www/aimsys/" local="130103730960000000" remote="130381936920000000" />
<file name="jquery.multiselect.filter.js" server="aimsys.home//var/www/aimsys/" local="130103730960000000" remote="130381936920000000" />
<file name="jquery.multiselect.js" server="aimsys.home//var/www/aimsys/" local="130103730960000000" remote="130381936920000000" />
<file name="menus.js" server="aimsys.home//var/www/aimsys/" local="130103730960000000" remote="130381936930000000" />
<file name="prettyprint.js" server="aimsys.home//var/www/aimsys/" local="130103730960000000" remote="130381936930000000" />
<file name="ready.js" server="aimsys.home//var/www/aimsys/" local="130381802815062464" remote="130381936930000000" />
<file name="validate_frm.js" server="aimsys.home//var/www/aimsys/" local="130382793216294270" remote="130382793190000000" />
<file name="jquery.noty.js" server="aimsys.home//var/www/aimsys/" local="130347733070000000" remote="130381936930000000" />
<file name="jquery.noty.default.js" server="aimsys.home//var/www/aimsys/" local="130347733070000000" remote="130381936930000000" />
<file name="jquery.noty.top.js" server="aimsys.home//var/www/aimsys/" local="130347733070000000" remote="130381936930000000" />
<file name="jquery.noty.topCenter.js" server="aimsys.home//var/www/aimsys/" local="130347733070000000" remote="130381936930000000" />
<file name="jquery.noty.default.js" server="in.genio.us/aimsys/" local="130347733070000000" remote="130371072600000000" />
<file name="jquery.noty.js" server="in.genio.us/aimsys/" local="130347733070000000" remote="130371072600000000" />
<file name="jquery.noty.top.js" server="in.genio.us/aimsys/" local="130347733070000000" remote="130371072600000000" />
<file name="jquery.noty.topCenter.js" server="in.genio.us/aimsys/" local="130347733070000000" remote="130371072600000000" />
<file name="jquery-ui.js" server="in.genio.us/aimsys/" local="130103730960000000" remote="130371072000000000" />
<file name="jquery-ui.js" server="aimsys.home//var/www/aimsys/" local="130381970680000000" remote="130381936920000000" />
<file name="jquery.noty.bottom.js" server="aimsys.home//var/www/aimsys/" local="130347733070000000" remote="130381936920000000" />
<file name="jquery.noty.bottomLeft.js" server="aimsys.home//var/www/aimsys/" local="130347733070000000" remote="130381936920000000" />
<file name="jquery.noty.bottom.js" server="in.genio.us/aimsys/" local="130347733070000000" remote="130371072600000000" />
<file name="jquery.noty.bottomLeft.js" server="in.genio.us/aimsys/" local="130347733070000000" remote="130371072600000000" />
<file name="menus.js" server="10.0.100.250//var/www/" local="3448744296" remote="20628613480" />
<file name="jquery.multiselect.filter.js" server="10.0.100.250//var/www/" local="3448744296" remote="20628613480" />
<file name="ready.js" server="10.0.100.250//var/www/" local="3468702806" remote="20648571990" />
<file name="jquery.noty.bottom.js" server="10.0.100.250//var/www/" local="3449963533" remote="20629832717" />
<file name="class_users.js" server="10.0.100.250//var/www/" local="3448744296" remote="20628613480" />
<file name="jquery-ui.js" server="10.0.100.250//var/www/" local="3448744296" remote="20628613480" />
<file name="jquery.loadmask.min.js" server="10.0.100.250//var/www/" local="3448744296" remote="20628613480" />
<file name="jquery.noty.default.js" server="10.0.100.250//var/www/" local="3448744296" remote="20628613480" />
<file name="validate_frm.js" server="10.0.100.250//var/www/" local="3448744296" remote="20628613480" />
<file name="jquery.countdown.min.js" server="10.0.100.250//var/www/" local="3448744296" remote="20628613480" />
<file name="jquery.noty.top.js" server="10.0.100.250//var/www/" local="3448744296" remote="20628613480" />
<file name="jquery.multiselect.js" server="10.0.100.250//var/www/" local="3448744296" remote="20628613480" />
<file name="getElementsByClassName.js" server="10.0.100.250//var/www/" local="3448744296" remote="20628613480" />
<file name="jquery.noty.topCenter.js" server="10.0.100.250//var/www/" local="3448744296" remote="20628613480" />
<file name="jquery.noty.js" server="10.0.100.250//var/www/" local="3448744296" remote="20628613480" />
<file name="prettyprint.js" server="10.0.100.250//var/www/" local="3448744296" remote="20628613480" />
<file name="jquery.js" server="10.0.100.250//var/www/" local="3448744296" remote="20628613480" />
<file name="functions.js" server="10.0.100.250//var/www/" local="3459021758" remote="20638890942" />
<file name="jquery.noty.bottomLeft.js" server="10.0.100.250//var/www/" local="3458438668" remote="20638307852" />
<file name="validate_frm.js" server="in.genio.us" local="130357562319630612" remote="130357596000000000" />
<file name="jquery.noty.bottomCenter.js" server="aimsys.home//var/www/aimsys/" local="130347733070000000" remote="130381936920000000" />
<file name="jquery.noty.bottomRight.js" server="aimsys.home//var/www/aimsys/" local="130347733070000000" remote="130381936920000000" />
<file name="jquery.noty.center.js" server="aimsys.home//var/www/aimsys/" local="130347733070000000" remote="130381936930000000" />
<file name="jquery.noty.centerLeft.js" server="aimsys.home//var/www/aimsys/" local="130347733070000000" remote="130381936930000000" />
<file name="jquery.noty.centerRight.js" server="aimsys.home//var/www/aimsys/" local="130347733070000000" remote="130381936930000000" />
<file name="jquery.noty.inline.js" server="aimsys.home//var/www/aimsys/" local="130347733070000000" remote="130381936930000000" />
<file name="jquery.noty.topLeft.js" server="aimsys.home//var/www/aimsys/" local="130347733070000000" remote="130381936930000000" />
<file name="jquery.noty.topRight.js" server="aimsys.home//var/www/aimsys/" local="130347733070000000" remote="130381936930000000" />
<file name="promise.js" server="aimsys.home//var/www/aimsys/" local="130347733070000000" remote="130381936930000000" />
<file name="jquery.noty.bottomCenter.js" server="in.genio.us/aimsys/" local="130347733070000000" remote="130371072600000000" />
<file name="jquery.noty.bottomRight.js" server="in.genio.us/aimsys/" local="130347733070000000" remote="130371072600000000" />
<file name="jquery.noty.center.js" server="in.genio.us/aimsys/" local="130347733070000000" remote="130371072600000000" />
<file name="jquery.noty.centerLeft.js" server="in.genio.us/aimsys/" local="130347733070000000" remote="130371072600000000" />
<file name="jquery.noty.centerRight.js" server="in.genio.us/aimsys/" local="130347733070000000" remote="130371072600000000" />
<file name="jquery.noty.inline.js" server="in.genio.us/aimsys/" local="130347733070000000" remote="130371072600000000" />
<file name="jquery.noty.topLeft.js" server="in.genio.us/aimsys/" local="130347733070000000" remote="130371072600000000" />
<file name="jquery.noty.topRight.js" server="in.genio.us/aimsys/" local="130347733070000000" remote="130371072600000000" />
<file name="promise.js" server="in.genio.us/aimsys/" local="130347733070000000" remote="130371072600000000" />
<file name="class_users.js" server="aimsys//var/www/aimsys/" local="130381900920000000" remote="130516830700000000" />
<file name="getElementsByClassName.js" server="aimsys//var/www/aimsys/" local="130381900920000000" remote="130516830700000000" />
<file name="jquery.countdown.min.js" server="aimsys//var/www/aimsys/" local="130381900920000000" remote="130516830700000000" />
<file name="jquery.js" server="aimsys//var/www/aimsys/" local="130381900920000000" remote="130516830700000000" />
<file name="jquery.loadmask.min.js" server="aimsys//var/www/aimsys/" local="130381900920000000" remote="130516830700000000" />
<file name="jquery.multiselect.filter.js" server="aimsys//var/www/aimsys/" local="130381900920000000" remote="130516830700000000" />
<file name="jquery.multiselect.js" server="aimsys//var/www/aimsys/" local="130381900920000000" remote="130516830700000000" />
<file name="jquery.noty.bottom.js" server="aimsys//var/www/aimsys/" local="130381900920000000" remote="130516830700000000" />
<file name="jquery.noty.bottomCenter.js" server="aimsys//var/www/aimsys/" local="130381900920000000" remote="130516830700000000" />
<file name="jquery.noty.bottomLeft.js" server="aimsys//var/www/aimsys/" local="130381900920000000" remote="130516830700000000" />
<file name="jquery.noty.bottomRight.js" server="aimsys//var/www/aimsys/" local="130381900920000000" remote="130516830700000000" />
<file name="jquery.noty.center.js" server="aimsys//var/www/aimsys/" local="130381900930000000" remote="130516830700000000" />
<file name="jquery.noty.centerLeft.js" server="aimsys//var/www/aimsys/" local="130381900930000000" remote="130516830700000000" />
<file name="jquery.noty.centerRight.js" server="aimsys//var/www/aimsys/" local="130381900930000000" remote="130516830700000000" />
<file name="jquery.noty.default.js" server="aimsys//var/www/aimsys/" local="130381900930000000" remote="130516830700000000" />
<file name="jquery.noty.inline.js" server="aimsys//var/www/aimsys/" local="130381900930000000" remote="130516830700000000" />
<file name="jquery.noty.js" server="aimsys//var/www/aimsys/" local="130381900930000000" remote="130516830700000000" />
<file name="jquery.noty.top.js" server="aimsys//var/www/aimsys/" local="130381900930000000" remote="130516830700000000" />
<file name="jquery.noty.topCenter.js" server="aimsys//var/www/aimsys/" local="130381900930000000" remote="130516830700000000" />
<file name="jquery.noty.topLeft.js" server="aimsys//var/www/aimsys/" local="130381900930000000" remote="130516830700000000" />
<file name="jquery.noty.topRight.js" server="aimsys//var/www/aimsys/" local="130381900930000000" remote="130516830700000000" />
<file name="jquery.npty.bottom.js" server="aimsys//var/www/aimsys/" local="130115922930000000" remote="130516830700000000" />
<file name="jqueryui.js" server="aimsys//var/www/aimsys/" local="130103730960000000" remote="130516830700000000" />
<file name="menus.js" server="aimsys//var/www/aimsys/" local="130381900930000000" remote="130516830700000000" />
<file name="prettyprint.js" server="aimsys//var/www/aimsys/" local="130381900930000000" remote="130516830700000000" />
<file name="promise.js" server="aimsys//var/www/aimsys/" local="130381900930000000" remote="130516830700000000" />
<file name="ready.js" server="aimsys//var/www/aimsys/" local="130381900930000000" remote="130516830700000000" />
<file name="functions.js" server="aimsys//var/www/aimsys/" local="130382789201814655" remote="130516830700000000" />
<file name="jquery-ui.js" server="aimsys//var/www/aimsys/" local="130381970680000000" remote="130516830700000000" />
<file name="validate_frm.js" server="aimsys//var/www/aimsys/" local="130382793216294270" remote="130516830700000000" />
</dwsync>