<?xml version="1.0" encoding="utf-8" ?>
<dwsync>
<file name="class.tab.js" server="aimsys.home//var/www/aimsys/" local="130387023838842038" remote="130387023810000000" />
<file name="class.tab.js" server="in.genio.us/aimsys/" local="130377956882657713" remote="130377992400000000" />
<file name="class.tab.js" server="10.0.100.250//var/www/" local="3458179696" remote="20638048880" />
<file name="class.tab.js" server="10.0.100.250//var/www/aimsys/" local="3458179696" remote="20638048880" />
<file name="class.filter.js" server="in.genio.us/aimsys/" local="130364588300000000" remote="130371072000000000" />
<file name="class.filter.js" server="aimsys.home//var/www/aimsys/" local="130364588300000000" remote="130381936920000000" />
<file name="class.filter.js" server="aimsys//var/www/aimsys/" local="130381900920000000" remote="130537577650000000" />
<file name="class.tab.js" server="aimsys//var/www/aimsys/" local="130531616489302331" remote="130537577650000000" />
</dwsync>