<?xml version="1.0" encoding="utf-8" ?>
<dwsync>
<file name="icon.css" server="in.genio.us" local="3414019232" remote="16298910288" />
<file name="icon.css" server="10.0.100.109//var/www/joomla/" local="129769252416560000" remote="129769252480000000" />
<file name="icon.css" server="in.genio.us/aimsys/" local="130206472310000000" remote="130371072000000000" />
<file name="icon.css" server="10.0.100.112//var/www/joomla/" local="129770203717848000" remote="129770203700000000" />
<file name="icon.css" server="aimsys.home//var/www/aimsys/" local="130384702412384040" remote="130384702380000000" />
<file name="icon.css" server="10.0.100.250//var/www/" local="3459014831" remote="20638884015" />
<file name="icon.css" server="10.0.100.250//var/www/aimsys/" local="3459014831" remote="20638884015" />
<file name="icon.css" server="aimsys//var/www/aimsys/" local="130384702412384040" remote="130516830700000000" />
</dwsync>