<?xml version="1.0" encoding="utf-8" ?>
<dwsync>
<file name="class_users.min.js" server="aimsys//var/www/aimsys/" local="130537567691889666" remote="130537577650000000" />
<file name="functions.min.js" server="aimsys//var/www/aimsys/" local="130537567692699740" remote="130537577650000000" />
<file name="getElementsByClassName.min.js" server="aimsys//var/www/aimsys/" local="130537567692769748" remote="130537577650000000" />
<file name="jquery-ui.min.js" server="aimsys//var/www/aimsys/" local="130537567693259791" remote="130537577660000000" />
<file name="jquery.countdown.min.js" server="aimsys//var/www/aimsys/" local="130381900920000000" remote="130537577660000000" />
<file name="jquery.loadmask.min.js" server="aimsys//var/www/aimsys/" local="130381900920000000" remote="130537577660000000" />
<file name="jquery.min.js" server="aimsys//var/www/aimsys/" local="130537567693009764" remote="130537577660000000" />
<file name="jquery.multiselect.filter.min.js" server="aimsys//var/www/aimsys/" local="130537567692769748" remote="130537577660000000" />
<file name="jquery.multiselect.min.js" server="aimsys//var/www/aimsys/" local="130537567692839756" remote="130537577660000000" />
<file name="jquery.noty.min.js" server="aimsys//var/www/aimsys/" local="130537561100000000" remote="130537583630000000" />
<file name="jqueryui.min.js" server="aimsys//var/www/aimsys/" local="130537567693209791" remote="130537577660000000" />
<file name="menus.min.js" server="aimsys//var/www/aimsys/" local="130537567692819748" remote="130537577660000000" />
<file name="prettyprint.min.js" server="aimsys//var/www/aimsys/" local="130537567692819748" remote="130537577660000000" />
<file name="promise.min.js" server="aimsys//var/www/aimsys/" local="130537567692879758" remote="130537577660000000" />
<file name="ready.min.js" server="aimsys//var/www/aimsys/" local="130537567692829755" remote="130537577660000000" />
<file name="validate_frm.min.js" server="aimsys//var/www/aimsys/" local="130537567692829755" remote="130537577660000000" />
<file name="jquery.noty.packaged.min.js" server="aimsys//var/www/aimsys/" local="130510619230000000" remote="130537592390000000" />
</dwsync>